{
  "users": {
    "6283180514319@s.whatsapp.net": {
      "money": 0,
      "registered": true,
      "name": "Ams Digital Store",
      "id": "Z36OFPRQ",
      "regTime": 1732440938934,
      "banned": false,
      "moderator": true,
      "acc": false,
      "end": false,
      "session": "",
      "buynow": "Pending",
      "depo": "",
      "firstuse": true
    },
    "6285722095177@s.whatsapp.net": {
      "money": 0,
      "registered": true,
      "name": "Ams Digital Store",
      "id": "9GM87OD3",
      "regTime": 1732444983853,
      "banned": false,
      "moderator": false,
      "acc": false,
      "end": false,
      "session": "",
      "buynow": "Pending",
      "depo": "",
      "firstuse": true
    },
    "6285360638003@s.whatsapp.net": {
      "money": 0,
      "registered": true,
      "name": "+62 853-6063-8003",
      "id": "FS7UFYPD",
      "regTime": 1732441871787,
      "banned": false,
      "moderator": false,
      "acc": 0,
      "end": 0,
      "session": "",
      "buynow": "",
      "depo": "",
      "firstuse": true
    },
    "6288232154376@s.whatsapp.net": {
      "money": 0,
      "registered": true,
      "name": "Abi P",
      "id": "1N8C2N6M",
      "regTime": 1732444237369,
      "banned": false,
      "moderator": false,
      "acc": 0,
      "end": 0,
      "session": "",
      "buynow": "",
      "depo": "",
      "firstuse": true
    },
    "6285172290815@s.whatsapp.net": {
      "money": 0,
      "registered": true,
      "name": "DIAS",
      "id": "7IP7J2BM",
      "regTime": 1732444348999,
      "banned": false,
      "moderator": false,
      "acc": 0,
      "end": 0,
      "session": "",
      "buynow": "",
      "depo": "",
      "firstuse": true
    },
    "6285173329868@s.whatsapp.net": {
      "money": 0,
      "registered": true,
      "name": "Fzi Store",
      "id": "X56J2NRI",
      "regTime": 1732444903721,
      "banned": false,
      "moderator": false,
      "acc": 0,
      "end": 0,
      "session": "",
      "buynow": "",
      "depo": "",
      "firstuse": true
    },
    "6289648822339@s.whatsapp.net": {
      "money": 0,
      "registered": true,
      "name": "Skill Issue",
      "id": "3ZIKYE17",
      "regTime": 1732445998745,
      "banned": false,
      "moderator": false,
      "acc": false,
      "end": false,
      "session": "",
      "buynow": "",
      "depo": "",
      "firstuse": true
    },
    "6285257635657@s.whatsapp.net": {
      "money": 0,
      "registered": true,
      "name": "‎",
      "id": "91T7I5S7",
      "regTime": 1732446326952,
      "banned": false,
      "moderator": false,
      "acc": 0,
      "end": 0,
      "session": "",
      "buynow": "",
      "depo": "",
      "firstuse": true
    }
  },
  "chats": {
    "6283180514319@s.whatsapp.net": {
      "isBanned": false,
      "welcome": true,
      "autoread": true,
      "detect": false,
      "sWelcome": "",
      "sBye": "",
      "sPromote": "*promoted new admin:* @user",
      "sDemote": "*demoted from admin:* @user",
      "delete": true,
      "antiLink": true,
      "stiker": false,
      "antiSticker": true,
      "antiCall": true,
      "antiSpam": true,
      "freply": false,
      "viewonce": false,
      "useDocument": true,
      "antiToxic": true,
      "expired": 0,
      "antiVirtex": false,
      "badword": false
    },
    "6285722095177@s.whatsapp.net": {
      "isBanned": false,
      "welcome": true,
      "autoread": true,
      "detect": false,
      "sWelcome": "",
      "sBye": "",
      "sPromote": "*promoted new admin:* @user",
      "sDemote": "*demoted from admin:* @user",
      "delete": true,
      "antiLink": true,
      "stiker": false,
      "antiSticker": true,
      "antiCall": true,
      "antiSpam": true,
      "freply": false,
      "viewonce": false,
      "useDocument": true,
      "antiToxic": true,
      "expired": 0,
      "antiVirtex": false,
      "badword": false
    },
    "120363162384070048@g.us": {
      "isBanned": false,
      "welcome": true,
      "autoread": true,
      "detect": false,
      "sWelcome": "",
      "sBye": "",
      "sPromote": "*promoted new admin:* @user",
      "sDemote": "*demoted from admin:* @user",
      "delete": true,
      "antiLink": true,
      "stiker": false,
      "antiSticker": true,
      "antiCall": true,
      "antiSpam": true,
      "freply": false,
      "viewonce": false,
      "useDocument": true,
      "antiToxic": true,
      "expired": 0,
      "antiVirtex": false,
      "badword": false
    }
  },
  "stats": {},
  "msgs": {},
  "sticker": {},
  "settings": {
    "6283180514319@s.whatsapp.net": {
      "self": true,
      "autoread": true,
      "restrict": true,
      "autorestart": true,
      "restartDB": 0,
      "status": 0,
      "anticall": true,
      "clear": true,
      "clearTime": 0,
      "freply": true
    }
  },
  "respon": {}
}